{"cameraMode":{"drawMode":0,"name":"Shaded","section":"Shading Mode"},"sceneLighting":false,"audioPlay":false,"sceneViewState":{"m_AlwaysRefresh":false,"showFog":true,"showSkybox":true,"showFlares":true,"showImageEffects":true,"showParticleSystems":true,"showVisualEffectGraphs":true,"m_FxEnabled":false},"in2DMode":false,"pivot":{"x":-0.2626425325870514,"y":-0.17968538403511048,"z":3.396357774734497},"rotation":{"x":-0.2784539759159088,"y":0.004563417285680771,"z":0.0027710036374628546,"w":-0.9610521793365479},"size":1.5044336318969727,"orthographic":false}