{"cameraMode":{"drawMode":0,"name":"Shaded","section":"Shading Mode"},"sceneLighting":false,"audioPlay":false,"sceneViewState":{"m_AlwaysRefresh":false,"showFog":true,"showSkybox":false,"showFlares":true,"showImageEffects":true,"showParticleSystems":true,"showVisualEffectGraphs":true,"m_FxEnabled":true},"in2DMode":false,"pivot":{"x":0.000025886227376759052,"y":0.0003135101869702339,"z":0.003499771934002638},"rotation":{"x":0.29726192355155947,"y":-0.0916549563407898,"z":0.027233384549617769,"w":0.9504115581512451},"size":0.003375995671376586,"orthographic":false}