{"cameraMode":{"drawMode":0,"name":"Shaded","section":"Shading Mode"},"sceneLighting":false,"audioPlay":false,"sceneViewState":{"m_AlwaysRefresh":false,"showFog":true,"showSkybox":false,"showFlares":true,"showImageEffects":true,"showParticleSystems":true,"showVisualEffectGraphs":true,"m_FxEnabled":true},"in2DMode":false,"pivot":{"x":-0.00456279469653964,"y":0.0008966155583038926,"z":0.006565864663571119},"rotation":{"x":0.29726192355155947,"y":-0.0916549563407898,"z":0.027233384549617769,"w":0.9504115581512451},"size":0.00494256941601634,"orthographic":false}