{"cameraMode":{"drawMode":0,"name":"Shaded","section":"Shading Mode"},"sceneLighting":false,"audioPlay":false,"sceneViewState":{"m_AlwaysRefresh":false,"showFog":true,"showSkybox":false,"showFlares":true,"showImageEffects":true,"showParticleSystems":true,"showVisualEffectGraphs":true,"m_FxEnabled":true},"in2DMode":false,"pivot":{"x":-0.0018793828785419465,"y":-0.0012140526669099928,"z":-0.0005801646038889885},"rotation":{"x":0.29726192355155947,"y":-0.0916549563407898,"z":0.027233384549617769,"w":0.9504115581512451},"size":0.3047807812690735,"orthographic":false}